fragment_protein,fragment_start,fragment_end,receptor_proteins,rank,weights,fragment_center,contacts,n_contacts,iptm,weighted_contacts,contact_distance_cutoff,chain_group_a,chain_group_b,pdb_file,fragfold_processing_params
ftsZ,162,191,['Z'],1,alphafold2_ptm,177.5,"['A_263-B_16', 'A_263-B_14', 'A_262-B_13', 'A_264-B_12', 'A_196-B_17', 'A_264-B_7', 'A_197-B_20', 'A_196-B_16', 'A_261-B_16', 'A_261-B_15', 'A_262-B_14', 'A_263-B_7', 'A_267-B_7', 'A_263-B_19']",14,0.82,11.479999999999999,4.0,['A'],['B'],/mnt/shared2/jch/09-fragfold/tools/FragFold3/examples/example1/output/predictions/ftsZ-162to191_vs_ftsZ_unrelaxed_rank_001_alphafold2_ptm_model_3_seed_000.pdb,/mnt/shared2/jch/09-fragfold/tools/FragFold3/examples/example1/output/fragfold_params.yaml
ftsZ,162,191,['Z'],2,alphafold2_ptm,177.5,"['A_263-B_16', 'A_263-B_14', 'A_196-B_20', 'A_262-B_13', 'A_196-B_17', 'A_264-B_7', 'A_196-B_16', 'A_261-B_16', 'A_261-B_15', 'A_262-B_14', 'A_263-B_7', 'A_267-B_7', 'A_263-B_19', 'A_262-B_16']",14,0.81,11.34,4.0,['A'],['B'],/mnt/shared2/jch/09-fragfold/tools/FragFold3/examples/example1/output/predictions/ftsZ-162to191_vs_ftsZ_unrelaxed_rank_002_alphafold2_ptm_model_5_seed_000.pdb,/mnt/shared2/jch/09-fragfold/tools/FragFold3/examples/example1/output/fragfold_params.yaml
ftsZ,162,191,['Z'],3,alphafold2_ptm,177.5,"['A_263-B_16', 'A_259-B_17', 'A_263-B_14', 'A_264-B_13', 'A_262-B_13', 'A_196-B_17', 'A_264-B_7', 'A_197-B_20', 'A_196-B_16', 'A_261-B_16', 'A_261-B_15', 'A_262-B_14', 'A_263-B_7', 'A_267-B_7', 'A_263-B_19', 'A_262-B_16']",16,0.81,12.96,4.0,['A'],['B'],/mnt/shared2/jch/09-fragfold/tools/FragFold3/examples/example1/output/predictions/ftsZ-162to191_vs_ftsZ_unrelaxed_rank_003_alphafold2_ptm_model_1_seed_000.pdb,/mnt/shared2/jch/09-fragfold/tools/FragFold3/examples/example1/output/fragfold_params.yaml
ftsZ,162,191,['Z'],4,alphafold2_ptm,177.5,"['A_263-B_16', 'A_263-B_14', 'A_262-B_13', 'A_196-B_17', 'A_264-B_7', 'A_197-B_20', 'A_196-B_16', 'A_261-B_16', 'A_261-B_15', 'A_262-B_14', 'A_263-B_7', 'A_267-B_7', 'A_263-B_19']",13,0.79,10.27,4.0,['A'],['B'],/mnt/shared2/jch/09-fragfold/tools/FragFold3/examples/example1/output/predictions/ftsZ-162to191_vs_ftsZ_unrelaxed_rank_004_alphafold2_ptm_model_2_seed_000.pdb,/mnt/shared2/jch/09-fragfold/tools/FragFold3/examples/example1/output/fragfold_params.yaml
ftsZ,162,191,['Z'],5,alphafold2_ptm,177.5,"['A_263-B_16', 'A_263-B_14', 'A_262-B_13', 'A_264-B_12', 'A_196-B_17', 'A_197-B_20', 'A_196-B_16', 'A_261-B_16', 'A_261-B_15', 'A_262-B_14', 'A_263-B_7', 'A_267-B_7', 'A_263-B_19', 'A_262-B_16']",14,0.79,11.06,4.0,['A'],['B'],/mnt/shared2/jch/09-fragfold/tools/FragFold3/examples/example1/output/predictions/ftsZ-162to191_vs_ftsZ_unrelaxed_rank_005_alphafold2_ptm_model_4_seed_000.pdb,/mnt/shared2/jch/09-fragfold/tools/FragFold3/examples/example1/output/fragfold_params.yaml
ftsZ,163,192,['Z'],1,alphafold2_ptm,178.5,"['A_262-B_15', 'A_267-B_6', 'A_262-B_13', 'A_196-B_19', 'A_263-B_6', 'A_262-B_12', 'A_263-B_18', 'A_261-B_14', 'A_263-B_15', 'A_263-B_13', 'A_264-B_6', 'A_196-B_16', 'A_196-B_15', 'A_261-B_15']",14,0.84,11.76,4.0,['A'],['B'],/mnt/shared2/jch/09-fragfold/tools/FragFold3/examples/example1/output/predictions/ftsZ-163to192_vs_ftsZ_unrelaxed_rank_001_alphafold2_ptm_model_5_seed_000.pdb,/mnt/shared2/jch/09-fragfold/tools/FragFold3/examples/example1/output/fragfold_params.yaml
ftsZ,163,192,['Z'],2,alphafold2_ptm,178.5,"['A_267-B_6', 'A_197-B_15', 'A_262-B_13', 'A_263-B_6', 'A_262-B_12', 'A_263-B_18', 'A_261-B_14', 'A_263-B_15', 'A_263-B_13', 'A_264-B_6', 'A_196-B_16', 'A_197-B_19', 'A_196-B_15', 'A_261-B_15']",14,0.84,11.76,4.0,['A'],['B'],/mnt/shared2/jch/09-fragfold/tools/FragFold3/examples/example1/output/predictions/ftsZ-163to192_vs_ftsZ_unrelaxed_rank_002_alphafold2_ptm_model_3_seed_000.pdb,/mnt/shared2/jch/09-fragfold/tools/FragFold3/examples/example1/output/fragfold_params.yaml
ftsZ,163,192,['Z'],3,alphafold2_ptm,178.5,"['A_267-B_6', 'A_262-B_13', 'A_263-B_6', 'A_262-B_12', 'A_263-B_18', 'A_261-B_14', 'A_263-B_15', 'A_263-B_13', 'A_264-B_6', 'A_196-B_16', 'A_197-B_19', 'A_196-B_15', 'A_261-B_15']",13,0.84,10.92,4.0,['A'],['B'],/mnt/shared2/jch/09-fragfold/tools/FragFold3/examples/example1/output/predictions/ftsZ-163to192_vs_ftsZ_unrelaxed_rank_003_alphafold2_ptm_model_2_seed_000.pdb,/mnt/shared2/jch/09-fragfold/tools/FragFold3/examples/example1/output/fragfold_params.yaml
ftsZ,163,192,['Z'],4,alphafold2_ptm,178.5,"['A_262-B_15', 'A_267-B_6', 'A_262-B_13', 'A_264-B_12', 'A_263-B_6', 'A_262-B_12', 'A_263-B_18', 'A_261-B_14', 'A_263-B_15', 'A_263-B_13', 'A_264-B_6', 'A_196-B_16', 'A_197-B_19', 'A_196-B_15', 'A_261-B_15', 'A_259-B_16']",16,0.83,13.28,4.0,['A'],['B'],/mnt/shared2/jch/09-fragfold/tools/FragFold3/examples/example1/output/predictions/ftsZ-163to192_vs_ftsZ_unrelaxed_rank_004_alphafold2_ptm_model_1_seed_000.pdb,/mnt/shared2/jch/09-fragfold/tools/FragFold3/examples/example1/output/fragfold_params.yaml
ftsZ,163,192,['Z'],5,alphafold2_ptm,178.5,"['A_262-B_15', 'A_267-B_6', 'A_197-B_15', 'A_262-B_13', 'A_263-B_6', 'A_262-B_12', 'A_261-B_14', 'A_263-B_15', 'A_263-B_13', 'A_196-B_16', 'A_197-B_19', 'A_196-B_15', 'A_261-B_15', 'A_264-B_11']",14,0.82,11.479999999999999,4.0,['A'],['B'],/mnt/shared2/jch/09-fragfold/tools/FragFold3/examples/example1/output/predictions/ftsZ-163to192_vs_ftsZ_unrelaxed_rank_005_alphafold2_ptm_model_4_seed_000.pdb,/mnt/shared2/jch/09-fragfold/tools/FragFold3/examples/example1/output/fragfold_params.yaml
ftsZ,164,193,['Z'],1,alphafold2_ptm,179.5,"['A_267-B_5', 'A_263-B_14', 'A_261-B_13', 'A_263-B_5', 'A_262-B_11', 'A_262-B_12', 'A_197-B_18', 'A_196-B_14', 'A_261-B_14', 'A_263-B_12', 'A_196-B_15', 'A_262-B_14', 'A_264-B_10']",13,0.8,10.4,4.0,['A'],['B'],/mnt/shared2/jch/09-fragfold/tools/FragFold3/examples/example1/output/predictions/ftsZ-164to193_vs_ftsZ_unrelaxed_rank_001_alphafold2_ptm_model_4_seed_000.pdb,/mnt/shared2/jch/09-fragfold/tools/FragFold3/examples/example1/output/fragfold_params.yaml
ftsZ,164,193,['Z'],2,alphafold2_ptm,179.5,"['A_267-B_5', 'A_263-B_17', 'A_263-B_14', 'A_261-B_13', 'A_263-B_5', 'A_262-B_11', 'A_262-B_12', 'A_197-B_18', 'A_196-B_14', 'A_261-B_14', 'A_263-B_12', 'A_196-B_15', 'A_264-B_10']",13,0.8,10.4,4.0,['A'],['B'],/mnt/shared2/jch/09-fragfold/tools/FragFold3/examples/example1/output/predictions/ftsZ-164to193_vs_ftsZ_unrelaxed_rank_002_alphafold2_ptm_model_3_seed_000.pdb,/mnt/shared2/jch/09-fragfold/tools/FragFold3/examples/example1/output/fragfold_params.yaml
ftsZ,164,193,['Z'],3,alphafold2_ptm,179.5,"['A_267-B_5', 'A_263-B_17', 'A_259-B_15', 'A_263-B_14', 'A_261-B_13', 'A_263-B_5', 'A_262-B_11', 'A_262-B_12', 'A_197-B_18', 'A_196-B_14', 'A_261-B_14', 'A_264-B_5', 'A_263-B_12', 'A_196-B_15', 'A_262-B_14', 'A_264-B_11']",16,0.81,12.96,4.0,['A'],['B'],/mnt/shared2/jch/09-fragfold/tools/FragFold3/examples/example1/output/predictions/ftsZ-164to193_vs_ftsZ_unrelaxed_rank_003_alphafold2_ptm_model_1_seed_000.pdb,/mnt/shared2/jch/09-fragfold/tools/FragFold3/examples/example1/output/fragfold_params.yaml
ftsZ,164,193,['Z'],4,alphafold2_ptm,179.5,"['A_267-B_5', 'A_263-B_17', 'A_259-B_15', 'A_263-B_14', 'A_261-B_13', 'A_263-B_5', 'A_262-B_11', 'A_262-B_12', 'A_197-B_18', 'A_196-B_14', 'A_261-B_14', 'A_263-B_12', 'A_196-B_15']",13,0.79,10.27,4.0,['A'],['B'],/mnt/shared2/jch/09-fragfold/tools/FragFold3/examples/example1/output/predictions/ftsZ-164to193_vs_ftsZ_unrelaxed_rank_004_alphafold2_ptm_model_2_seed_000.pdb,/mnt/shared2/jch/09-fragfold/tools/FragFold3/examples/example1/output/fragfold_params.yaml
ftsZ,164,193,['Z'],5,alphafold2_ptm,179.5,"['A_196-B_18', 'A_267-B_5', 'A_263-B_17', 'A_263-B_14', 'A_261-B_13', 'A_263-B_5', 'A_262-B_11', 'A_262-B_12', 'A_197-B_18', 'A_196-B_14', 'A_261-B_14', 'A_263-B_12', 'A_196-B_15', 'A_262-B_14']",14,0.76,10.64,4.0,['A'],['B'],/mnt/shared2/jch/09-fragfold/tools/FragFold3/examples/example1/output/predictions/ftsZ-164to193_vs_ftsZ_unrelaxed_rank_005_alphafold2_ptm_model_5_seed_000.pdb,/mnt/shared2/jch/09-fragfold/tools/FragFold3/examples/example1/output/fragfold_params.yaml
